class,precision,recall,f1,support,accuracy
ALTERNARIA LEAF SPOT,0.8333333333333334,0.8620689655172413,0.847457627118644,29,
HEALTHY,0.8863636363636364,0.7959183673469388,0.8387096774193548,49,
LEAF SPOT (EARLY AND LATE),0.6896551724137931,0.6896551724137931,0.6896551724137931,29,
ROSETTE,0.6363636363636364,1.0,0.7777777777777778,7,
RUST,0.8571428571428571,0.8571428571428571,0.8571428571428571,7,
OVERALL,0.7805717271234512,0.8409570724841661,0.8021486223744854,121,0.8016528925619835
