class,precision,recall,f1,support,accuracy
ALTERNARIA LEAF SPOT,0.7222222222222222,0.896551724137931,0.7999999999999999,29,
HEALTHY,0.9361702127659575,0.8979591836734694,0.9166666666666666,49,
LEAF SPOT (EARLY AND LATE),0.875,0.7241379310344828,0.7924528301886793,29,
ROSETTE,1.0,1.0,1.0,7,
RUST,1.0,1.0,1.0,7,
OVERALL,0.906678486997636,0.9037297677691767,0.9018238993710692,121,0.8677685950413223
