{
  "loss": [
    0.2925109267234802,
    0.15218114852905273,
    0.13776804506778717,
    0.13887253403663635,
    0.11917690187692642,
    0.14722734689712524,
    0.11712455004453659,
    0.10935316234827042,
    0.12116780132055283,
    0.10410419851541519,
    0.11542627960443497,
    0.08681441843509674,
    0.08441818505525589,
    0.08014404028654099,
    0.08055397868156433,
    0.12400032579898834,
    0.08695583045482635,
    0.07865005731582642,
    0.07594634592533112,
    0.07247859984636307,
    0.07126231491565704,
    0.06832654774188995,
    0.06714902818202972,
    0.06520590931177139,
    0.0637628436088562,
    0.06231679394841194,
    0.06042024493217468,
    0.05924740433692932,
    0.05727793648838997,
    0.056520551443099976,
    0.05399613454937935,
    0.05012581869959831,
    0.048468250781297684,
    0.04691057652235031
  ],
  "dice50": [
    0.8416554927825928,
    0.9216285347938538,
    0.9292958378791809,
    0.9281955361366272,
    0.9405650496482849,
    0.922895073890686,
    0.9391716122627258,
    0.9439547657966614,
    0.9365847706794739,
    0.9459065198898315,
    0.9376218318939209,
    0.9539533853530884,
    0.954807460308075,
    0.9571084976196289,
    0.9569554924964905,
    0.9326741099357605,
    0.9536251425743103,
    0.9577507972717285,
    0.9587453007698059,
    0.960651159286499,
    0.960992157459259,
    0.9627247452735901,
    0.9635049104690552,
    0.9643853902816772,
    0.9652191400527954,
    0.9660365581512451,
    0.9669215083122253,
    0.9675551652908325,
    0.9686712622642517,
    0.9692161083221436,
    0.9705075025558472,
    0.972790539264679,
    0.9737067818641663,
    0.9745554327964783
  ],
  "iou50": [
    0.748369038105011,
    0.8605552911758423,
    0.8721948266029358,
    0.8703386783599854,
    0.8895180225372314,
    0.8624715209007263,
    0.888458788394928,
    0.8953322172164917,
    0.8852324485778809,
    0.8988315463066101,
    0.886945366859436,
    0.9125866889953613,
    0.9141062498092651,
    0.9182710647583008,
    0.918207049369812,
    0.8798434138298035,
    0.9120219349861145,
    0.9194508194923401,
    0.9212707281112671,
    0.9247334003448486,
    0.9253944158554077,
    0.9285519123077393,
    0.9299861192703247,
    0.931594967842102,
    0.9331275820732117,
    0.9346463680267334,
    0.9362722635269165,
    0.9374418258666992,
    0.9395151138305664,
    0.9405372738838196,
    0.9429360032081604,
    0.9472128748893738,
    0.9489352703094482,
    0.9505324363708496
  ],
  "val_loss": [
    0.15605878829956055,
    0.14815504848957062,
    0.12945556640625,
    0.14869941771030426,
    0.12273333966732025,
    0.13044406473636627,
    0.10523196309804916,
    0.09786908328533173,
    0.10591817647218704,
    0.10796920955181122,
    0.11066833138465881,
    0.09352414309978485,
    0.08282329887151718,
    0.08984362334012985,
    0.2259243130683899,
    0.10241299122571945,
    0.08452200889587402,
    0.08289002627134323,
    0.07957155257463455,
    0.08426013588905334,
    0.07703141123056412,
    0.07725454866886139,
    0.07540988177061081,
    0.07746601104736328,
    0.076699398458004,
    0.07347755879163742,
    0.07343634217977524,
    0.07239959388971329,
    0.07549083232879639,
    0.07367730885744095,
    0.07298679649829865,
    0.07558798789978027,
    0.07285692542791367,
    0.07535387575626373
  ],
  "val_dice50": [
    0.9213736653327942,
    0.9260379672050476,
    0.9360710978507996,
    0.9245479106903076,
    0.9394937753677368,
    0.9404054284095764,
    0.9485048651695251,
    0.9509145021438599,
    0.9483309984207153,
    0.9463141560554504,
    0.941466748714447,
    0.9542878866195679,
    0.9569068551063538,
    0.9541976451873779,
    0.8674569725990295,
    0.9458687901496887,
    0.9567101001739502,
    0.9574646353721619,
    0.9591964483261108,
    0.9572058916091919,
    0.9594265222549438,
    0.9606481790542603,
    0.9613634347915649,
    0.9607821106910706,
    0.9612795114517212,
    0.9618388414382935,
    0.9619225263595581,
    0.9626949429512024,
    0.960967481136322,
    0.9627788662910461,
    0.9613286256790161,
    0.9623823761940002,
    0.9614629149436951,
    0.962830662727356
  ],
  "val_iou50": [
    0.8569194674491882,
    0.8645761013031006,
    0.8812825083732605,
    0.8626625537872314,
    0.8872531056404114,
    0.8884859681129456,
    0.902546763420105,
    0.9068996906280518,
    0.9022781252861023,
    0.8991168737411499,
    0.8928083181381226,
    0.9130019545555115,
    0.9177817106246948,
    0.9128724336624146,
    0.7838732600212097,
    0.8985501527786255,
    0.9173644781112671,
    0.9187802672386169,
    0.9219517111778259,
    0.9184932708740234,
    0.9224132299423218,
    0.9246932864189148,
    0.9259586930274963,
    0.9249719977378845,
    0.9258806705474854,
    0.9268831610679626,
    0.9270755648612976,
    0.9284716844558716,
    0.9253736734390259,
    0.9286389946937561,
    0.9260348081588745,
    0.9279370903968811,
    0.9262872934341431,
    0.9287559986114502
  ],
  "lr": [
    0.0010000000474974513,
    0.0010000000474974513,
    0.0010000000474974513,
    0.0010000000474974513,
    0.0010000000474974513,
    0.0010000000474974513,
    0.0010000000474974513,
    0.0010000000474974513,
    0.0010000000474974513,
    0.0010000000474974513,
    0.0010000000474974513,
    0.0005000000237487257,
    0.0005000000237487257,
    0.0005000000237487257,
    0.0005000000237487257,
    0.0005000000237487257,
    0.0002500000118743628,
    0.0002500000118743628,
    0.0002500000118743628,
    0.0002500000118743628,
    0.0002500000118743628,
    0.0002500000118743628,
    0.0002500000118743628,
    0.0002500000118743628,
    0.0002500000118743628,
    0.0002500000118743628,
    0.0002500000118743628,
    0.0002500000118743628,
    0.0002500000118743628,
    0.0002500000118743628,
    0.0002500000118743628,
    0.0001250000059371814,
    0.0001250000059371814,
    0.0001250000059371814
  ]
}