{
  "loss": [
    0.6961917877197266,
    0.2573316693305969,
    0.18089817464351654,
    0.09826496243476868,
    0.06473075598478317,
    0.035241007804870605,
    0.02517545409500599,
    0.01418620627373457,
    0.017091935500502586,
    0.0110488785430789,
    0.010709650814533234,
    0.010287698358297348,
    0.00904983188956976,
    0.01183736976236105,
    0.010387726128101349,
    0.013024069368839264,
    0.015429222024977207,
    0.010948208160698414,
    0.009514749981462955,
    0.00829293206334114,
    0.007848765701055527,
    0.008035719394683838,
    0.007788516115397215
  ],
  "accuracy": [
    0.7681978940963745,
    0.9095406532287598,
    0.9399293065071106,
    0.9681978821754456,
    0.9816254377365112,
    0.9908127188682556,
    0.9943462610244751,
    0.9978798627853394,
    0.9971731305122375,
    0.9992932677268982,
    0.9985865950584412,
    0.9992932677268982,
    1.0,
    0.9985865950584412,
    0.9992932677268982,
    0.9971731305122375,
    0.9971731305122375,
    0.9985865950584412,
    0.9985865950584412,
    1.0,
    1.0,
    1.0,
    1.0
  ],
  "val_loss": [
    0.212916761636734,
    0.16249261796474457,
    0.10878870636224747,
    0.05453718453645706,
    0.04263141751289368,
    0.031524769961833954,
    0.03823249414563179,
    0.03771829232573509,
    0.04604979604482651,
    0.0507255382835865,
    0.03536360338330269,
    0.025868456810712814,
    0.02231321856379509,
    0.04350825771689415,
    0.033389776945114136,
    0.03566160798072815,
    0.04140511900186539,
    0.02762305550277233,
    0.027916068211197853,
    0.03412074223160744,
    0.03203456103801727,
    0.02787337265908718,
    0.028695473447442055
  ],
  "val_accuracy": [
    0.9277456402778625,
    0.9479768872261047,
    0.9653179049491882,
    0.9710982441902161,
    0.9855491518974304,
    0.9884393215179443,
    0.9884393215179443,
    0.9913294911384583,
    0.9826589822769165,
    0.9884393215179443,
    0.9913294911384583,
    0.9942196607589722,
    0.9942196607589722,
    0.9884393215179443,
    0.9942196607589722,
    0.9942196607589722,
    0.9913294911384583,
    0.9971098303794861,
    0.9942196607589722,
    0.9942196607589722,
    0.9942196607589722,
    0.9971098303794861,
    0.9942196607589722
  ],
  "lr": [
    0.0005000000237487257,
    0.0005000000237487257,
    0.0005000000237487257,
    4.999999873689376e-05,
    4.999999873689376e-05,
    4.999999873689376e-05,
    4.999999873689376e-05,
    4.999999873689376e-05,
    4.999999873689376e-05,
    2.499999936844688e-05,
    2.499999936844688e-05,
    2.499999936844688e-05,
    2.499999936844688e-05,
    2.499999936844688e-05,
    2.499999936844688e-05,
    2.499999936844688e-05,
    1.249999968422344e-05,
    1.249999968422344e-05,
    1.249999968422344e-05,
    6.24999984211172e-06,
    6.24999984211172e-06,
    6.24999984211172e-06,
    3.12499992105586e-06
  ]
}