class,precision,recall,f1,support,accuracy
ALTERNARIA LEAF SPOT,0.9642857142857143,0.9310344827586207,0.9473684210526316,29,
HEALTHY,1.0,1.0,1.0,49,
LEAF SPOT (EARLY AND LATE),0.9333333333333333,0.9655172413793104,0.9491525423728815,29,
ROSETTE,1.0,1.0,1.0,7,
RUST,1.0,1.0,1.0,7,
OVERALL,0.9795238095238096,0.9793103448275862,0.9793041926851027,121,0.9752066115702479
