{
  "loss": [
    0.1004347875714302,
    0.06060899421572685,
    0.0473574623465538,
    0.03927474468946457,
    0.03692900016903877,
    0.032796710729599,
    0.03286800906062126,
    0.029621489346027374,
    0.028915593400597572,
    0.026784149929881096,
    0.02973748743534088,
    0.02465834841132164,
    0.025463785976171494,
    0.023727193474769592,
    0.024025507271289825,
    0.02315075881779194,
    0.021809887140989304,
    0.02015545777976513,
    0.0197356715798378,
    0.02312328666448593,
    0.018273985013365746,
    0.017441237345337868,
    0.01671706885099411,
    0.01651991344988346,
    0.016203906387090683,
    0.016504108905792236,
    0.015922045335173607,
    0.01498308777809143,
    0.014636730775237083,
    0.014615477062761784,
    0.014060677960515022,
    0.013507222756743431,
    0.013893568888306618,
    0.014011052437126637,
    0.013044863939285278,
    0.012720906175673008,
    0.01202604454010725,
    0.011667993851006031,
    0.011485863476991653,
    0.01163021381944418,
    0.011396321468055248,
    0.011190401390194893,
    0.010845858603715897,
    0.010643713176250458,
    0.010606803931295872,
    0.010525934398174286
  ],
  "dice50": [
    0.16426865756511688,
    0.5309603810310364,
    0.6346296668052673,
    0.6954835057258606,
    0.7088128328323364,
    0.7388854026794434,
    0.7367632985115051,
    0.7590621709823608,
    0.7643470168113708,
    0.7782236337661743,
    0.7587037682533264,
    0.7916557788848877,
    0.7861952781677246,
    0.7993982434272766,
    0.7982155084609985,
    0.8039193749427795,
    0.8119789361953735,
    0.8225180506706238,
    0.8250823020935059,
    0.8031861186027527,
    0.8350817561149597,
    0.8409106135368347,
    0.8466154932975769,
    0.8480685353279114,
    0.8510154485702515,
    0.8495889902114868,
    0.8545345664024353,
    0.86036616563797,
    0.8628402948379517,
    0.8639089465141296,
    0.8688594102859497,
    0.87264484167099,
    0.8700822591781616,
    0.8683423399925232,
    0.8765605092048645,
    0.8792790770530701,
    0.8848605751991272,
    0.8884174227714539,
    0.889983057975769,
    0.8891157507896423,
    0.8911943435668945,
    0.8931611180305481,
    0.8958690166473389,
    0.8980070948600769,
    0.8982498049736023,
    0.8991827368736267
  ],
  "iou50": [
    0.11123566329479218,
    0.39703652262687683,
    0.4961303770542145,
    0.5618007183074951,
    0.5767017006874084,
    0.6100239753723145,
    0.6100770831108093,
    0.6344135403633118,
    0.6412771344184875,
    0.6585894823074341,
    0.6379003524780273,
    0.6754555106163025,
    0.6695358753204346,
    0.6853808164596558,
    0.683799684047699,
    0.69060218334198,
    0.701848030090332,
    0.7160948514938354,
    0.7192448377609253,
    0.6947878003120422,
    0.733314573764801,
    0.7411131262779236,
    0.748835563659668,
    0.7508969306945801,
    0.7551839351654053,
    0.7530447840690613,
    0.7593967318534851,
    0.7680227160453796,
    0.7711344361305237,
    0.7728352546691895,
    0.7800050377845764,
    0.7851523160934448,
    0.7815477252006531,
    0.7793974876403809,
    0.7911884188652039,
    0.7950533628463745,
    0.802842915058136,
    0.8081411719322205,
    0.8105630278587341,
    0.809405505657196,
    0.8127411007881165,
    0.815358579158783,
    0.8193730711936951,
    0.8226354122161865,
    0.8230248093605042,
    0.8247469067573547
  ],
  "val_loss": [
    0.07221513241529465,
    0.05517818033695221,
    0.04472829028964043,
    0.041562702506780624,
    0.03866635262966156,
    0.037487149238586426,
    0.035591889172792435,
    0.03372728079557419,
    0.03327536955475807,
    0.03755294159054756,
    0.03334011510014534,
    0.03134666010737419,
    0.03313500061631203,
    0.030556784942746162,
    0.03473087027668953,
    0.03091672621667385,
    0.032950133085250854,
    0.02909848466515541,
    0.030192509293556213,
    0.03361840918660164,
    0.02871622145175934,
    0.028659598901867867,
    0.028672369197010994,
    0.028257207944989204,
    0.030223634093999863,
    0.02874547615647316,
    0.029624229297041893,
    0.02887904830276966,
    0.02913777157664299,
    0.029561251401901245,
    0.0297170989215374,
    0.03030966781079769,
    0.03028150647878647,
    0.02970055118203163,
    0.03148931264877319,
    0.0297174621373415,
    0.03057784214615822,
    0.030491406098008156,
    0.031100500375032425,
    0.03143429011106491,
    0.030800068750977516,
    0.03161504864692688,
    0.031148893758654594,
    0.03134200721979141,
    0.03137074410915375,
    0.03210773691534996
  ],
  "val_dice50": [
    0.37298232316970825,
    0.5361562371253967,
    0.6037739515304565,
    0.6080198884010315,
    0.6432585120201111,
    0.6461473703384399,
    0.6922776699066162,
    0.698681652545929,
    0.7166883945465088,
    0.640171229839325,
    0.7019971609115601,
    0.7038252353668213,
    0.7130951285362244,
    0.7357065081596375,
    0.7252918481826782,
    0.6918025016784668,
    0.7177311182022095,
    0.7233557105064392,
    0.7001156806945801,
    0.6722241640090942,
    0.7439643144607544,
    0.7348011136054993,
    0.7319834232330322,
    0.7480299472808838,
    0.7305083870887756,
    0.7357965707778931,
    0.7240243554115295,
    0.7418487071990967,
    0.7443010807037354,
    0.7531105875968933,
    0.7445019483566284,
    0.7216562628746033,
    0.7372854948043823,
    0.7211000323295593,
    0.7508516311645508,
    0.7326301336288452,
    0.743573009967804,
    0.7445179224014282,
    0.7509285807609558,
    0.7508710622787476,
    0.7403337359428406,
    0.7439066171646118,
    0.7466431260108948,
    0.7477766871452332,
    0.7459715008735657,
    0.7519751191139221
  ],
  "val_iou50": [
    0.2441786229610443,
    0.38394322991371155,
    0.4569849967956543,
    0.4626428186893463,
    0.5007294416427612,
    0.5014426708221436,
    0.5490126013755798,
    0.5600992441177368,
    0.577680230140686,
    0.5014448165893555,
    0.5653281807899475,
    0.566296398639679,
    0.5784971714019775,
    0.6015959978103638,
    0.5900448560714722,
    0.5519096255302429,
    0.5830162167549133,
    0.5870423913002014,
    0.5610758066177368,
    0.5325449109077454,
    0.6093763113021851,
    0.5997076630592346,
    0.5957496762275696,
    0.6143527030944824,
    0.5972715020179749,
    0.5986865758895874,
    0.5870959758758545,
    0.6060090661048889,
    0.6094136238098145,
    0.6183956265449524,
    0.6093865633010864,
    0.5836957693099976,
    0.602220356464386,
    0.5832145810127258,
    0.6169777512550354,
    0.596276044845581,
    0.6086655259132385,
    0.609825849533081,
    0.6179074048995972,
    0.6169922947883606,
    0.6042499542236328,
    0.608555793762207,
    0.6121004223823547,
    0.6133891940116882,
    0.6110626459121704,
    0.6181403994560242
  ],