{
  "loss": [
    0.8891556859016418,
    0.35280129313468933,
    0.2707952857017517,
    0.19059674441814423,
    0.03734136000275612,
    0.007177561987191439,
    0.0029032521415501833,
    0.001483379048295319,
    0.0037549478001892567,
    0.0004993501352146268,
    0.0005261292099021375,
    0.0007177275256253779,
    5.362020237953402e-05,
    1.594584682607092e-05,
    7.169891887315316e-06,
    2.2799547878094018e-05,
    1.0561129784036893e-05,
    1.4104890624366817e-06,
    2.3240343125507934e-06,
    1.7765419215720613e-06
  ],
  "accuracy": [
    0.67420494556427,
    0.8607773780822754,
    0.8954063653945923,
    0.9441696405410767,
    0.9879858493804932,
    0.9985865950584412,
    0.9992932677268982,
    0.9992932677268982,
    0.9992932677268982,
    1.0,
    1.0,
    1.0,
    1.0,
    1.0,
    1.0,
    1.0,
    1.0,
    1.0,
    1.0,
    1.0
  ],
  "val_loss": [
    0.37809422612190247,
    0.2682726979255676,
    0.21172401309013367,
    0.07075624167919159,
    0.08711810410022736,
    0.10909216105937958,
    0.1893129050731659,
    0.08843876421451569,
    0.1068485826253891,
    0.06396496295928955,
    0.07951561361551285,
    0.10353121161460876,
    0.12154214084148407,
    0.11377150565385818,
    0.1035790741443634,
    0.10173884779214859,
    0.096286341547966,
    0.09594254940748215,
    0.09557124972343445,
    0.09512483328580856
  ],
  "val_accuracy": [
    0.852601170539856,
    0.9075144529342651,
    0.9421965479850769,
    0.9768785834312439,
    0.9797688126564026,
    0.97398841381073,
    0.9508670568466187,
    0.9710982441902161,
    0.97398841381073,
    0.9826589822769165,
    0.9797688126564026,
    0.97398841381073,
    0.9826589822769165,
    0.9826589822769165,
    0.9826589822769165,
    0.9826589822769165,
    0.9826589822769165,
    0.9826589822769165,
    0.9826589822769165,
    0.9826589822769165
  ],
  "lr": [
    0.0003000000142492354,
    0.0003000000142492354,
    0.0003000000142492354,
    2.9999999242136255e-05,
    2.9999999242136255e-05,
    2.9999999242136255e-05,
    2.9999999242136255e-05,
    1.4999999621068127e-05,
    1.4999999621068127e-05,
    1.4999999621068127e-05,
    1.4999999621068127e-05,
    1.4999999621068127e-05,
    1.4999999621068127e-05,
    7.499999810534064e-06,
    7.499999810534064e-06,
    7.499999810534064e-06,
    3.749999905267032e-06,
    3.749999905267032e-06,
    3.749999905267032e-06,
    1.874999952633516e-06
  ]
}