class,precision,recall,f1,support,accuracy
ALTERNARIA LEAF SPOT,0.9615384615384616,0.8620689655172413,0.9090909090909091,29,
HEALTHY,1.0,1.0,1.0,49,
LEAF SPOT (EARLY AND LATE),0.875,0.9655172413793104,0.9180327868852458,29,
ROSETTE,1.0,1.0,1.0,7,
RUST,1.0,1.0,1.0,7,
OVERALL,0.9673076923076923,0.9655172413793103,0.9654247391952311,121,0.9586776859504132
