class,precision,recall,f1,support,accuracy
ALTERNARIA LEAF SPOT,0.9032258064516129,0.9655172413793104,0.9333333333333333,29,
HEALTHY,1.0,1.0,1.0,49,
LEAF SPOT (EARLY AND LATE),0.9629629629629629,0.896551724137931,0.9285714285714286,29,
ROSETTE,1.0,1.0,1.0,7,
RUST,1.0,1.0,1.0,7,
OVERALL,0.9732377538829151,0.9724137931034484,0.9723809523809525,121,0.9669421487603306
